{"count":1,"gauges":{},"self":84.6385152,"total":92.4574475,"children":{"AgentResetIfDone":{"count":4287,"self":0.1386686,"total":0.1386686,"children":null},"AgentSendState":{"count":4287,"self":0.23848149999999999,"total":0.3219494,"children":{"CollectObservations":{"count":8576,"self":0.0834679,"total":0.0834679,"children":null}}},"DecideAction":{"count":4287,"self":6.3765024,"total":6.9540144999999995,"children":{"RayPerceptionSensor.Perceive":{"count":8576,"self":0.5775121,"total":0.5775121,"children":null}}},"AcademyStep":{"count":4287,"self":0.0119656,"total":0.0119656,"children":null},"AgentAct":{"count":4287,"self":0.3913309,"total":0.3913309,"children":null}}}