{"count":1,"gauges":{},"self":6.5442528,"total":14.9073855,"children":{"AgentResetIfDone":{"count":2417,"self":0.021577199999999998,"total":0.021577199999999998,"children":null},"AgentSendState":{"count":2417,"self":0.0969633,"total":0.1375451,"children":{"CollectObservations":{"count":4840,"self":0.0405818,"total":0.0405818,"children":null}}},"DecideAction":{"count":2417,"self":7.5759928,"total":8.0731609999999989,"children":{"AgentInfo.ToProto":{"count":605,"self":0.1693766,"total":0.49716839999999995,"children":{"RayPerceptionSensor.Perceive":{"count":4840,"self":0.32779179999999997,"total":0.32779179999999997,"children":null}}}}},"AcademyStep":{"count":2417,"self":0.0075029,"total":0.0075029,"children":null},"AgentAct":{"count":2417,"self":0.1213422,"total":0.1213422,"children":null}}}